"","subject","activity","mean"
"1","1",1,0.277330758736842
"2","1",2,0.255461689622641
"3","1",3,0.289188320408163
"4","1",4,0.261237565425532
"5","1",5,0.278917629056604
"6","1",6,0.22159824394
"7","10",1,0.278574076603774
"8","10",2,0.267121853404255
"9","10",3,0.290401594315789
"10","10",4,0.270612056481481
"11","10",5,0.276650300681818
"12","10",6,0.280230574137931
"13","11",1,0.271821892881356
"14","11",2,0.263775859277778
"15","11",3,0.291605631956522
"16","11",4,0.276590197358491
"17","11",5,0.277715562765957
"18","11",6,0.280592970877193
"19","12",1,0.2771286656
"20","12",2,0.272970338653846
"21","12",3,0.281521097391304
"22","12",4,0.275007224901961
"23","12",5,0.277405834918033
"24","12",6,0.260113433
"25","13",1,0.275883130350877
"26","13",2,0.258203939581818
"27","13",3,0.294907553404255
"28","13",4,0.274328499591837
"29","13",5,0.277758431052632
"30","13",6,0.276716360483871
"31","14",1,0.271959598644068
"32","14",2,0.26242106612963
"33","14",3,0.293422115555555
"34","14",4,0.279990577037037
"35","14",5,0.280545613833333
"36","14",6,0.233275439803922
"37","15",1,0.273899207962963
"38","15",2,0.270187595833333
"39","15",3,0.280198851190476
"40","15",4,0.27290337979661
"41","15",5,0.278915803962264
"42","15",6,0.2894756525
"43","16",1,0.276023564509804
"44","16",2,0.255986102627451
"45","16",3,0.295586802191489
"46","16",4,0.280768574492754
"47","16",5,0.283497402948718
"48","16",6,0.274227162571429
"49","17",1,0.272341855245902
"50","17",2,0.252604768583333
"51","17",3,0.293918283260869
"52","17",4,0.2773570196875
"53","17",5,0.277942503333333
"54","17",6,0.269780085577465
"55","18",1,0.273887758571429
"56","18",2,0.265401201896552
"57","18",3,0.288439468909091
"58","18",4,0.27727001877193
"59","18",5,0.278458805890411
"60","18",6,0.274691576923077
"61","19",1,0.273931172307692
"62","19",2,0.242118808925
"63","19",3,0.262688053871795
"64","19",4,0.273830316164384
"65","19",5,0.27817226
"66","19",6,0.272653733493976
"67","2",1,0.276426586440678
"68","2",2,0.247164790395833
"69","2",3,0.27761534806383
"70","2",4,0.27708735173913
"71","2",5,0.277911472222222
"72","2",6,0.281373403958333
"73","20",1,0.272589336470588
"74","20",2,0.252098317156863
"75","20",3,0.296144421355556
"76","20",4,0.278045439090909
"77","20",5,0.278076904657534
"78","20",6,0.239507882205882
"79","21",1,0.279183526730769
"80","21",2,0.265194544680851
"81","21",3,0.3014610196
"82","21",4,0.27753961682353
"83","21",5,0.27695224258427
"84","21",6,0.271325472455556
"85","22",1,0.27886459
"86","22",2,0.248391534566667
"87","22",3,0.284458963861111
"88","22",4,0.273583822709678
"89","22",5,0.279053861587301
"90","22",6,0.279959721194444
"91","23",1,0.273211884237288
"92","23",2,0.249995171031373
"93","23",3,0.289897411148148
"94","23",4,0.273351251617647
"95","23",5,0.277899323235294
"96","23",6,0.274038007986111
"97","24",1,0.276980816034483
"98","24",2,0.269881106779661
"99","24",3,0.288631208909091
"100","24",4,0.273475690147059
"101","24",5,0.280348883913043
"102","24",6,0.272850494930556
"103","25",1,0.278992759054054
"104","25",2,0.277995411384615
"105","25",3,0.291329666206897
"106","25",4,0.278541482461538
"107","25",5,0.278013701621622
"108","25",6,0.250791828613699
"109","26",1,0.279264443728814
"110","26",2,0.272691394545455
"111","26",3,0.2792845828
"112","26",4,0.258243530166667
"113","26",5,0.281127035405405
"114","26",6,0.271645864540789
"115","27",1,0.276849485438596
"116","27",2,0.265770253921569
"117","27",3,0.2975441875
"118","27",4,0.273941302571429
"119","27",5,0.279566921625
"120","27",6,0.274102492432432
"121","28",1,0.281228223888889
"122","28",2,0.262005841764706
"123","28",3,0.293642076521739
"124","28",4,0.276977629444444
"125","28",5,0.277795069113924
"126","28",6,0.2759134825
"127","29",1,0.271999916792453
"128","29",2,0.265423066877551
"129","29",3,0.293140441083333
"130","29",4,0.2771799775
"131","29",5,0.277965065846154
"132","29",6,0.287295196811594
"133","3",1,0.275567462068966
"134","3",2,0.260819873067797
"135","3",3,0.292423484693878
"136","3",4,0.257197599134615
"137","3",5,0.280046513278688
"138","3",6,0.275516852741936
"139","30",1,0.276406758
"140","30",2,0.271415642261539
"141","30",3,0.283190646967742
"142","30",4,0.268336081379032
"143","30",5,0.277112699152542
"144","30",6,0.281033900571429
"145","4",1,0.278582015166667
"146","4",2,0.270876696730769
"147","4",3,0.279965329555556
"148","4",4,0.27153827992
"149","4",5,0.280499745892857
"150","4",6,0.263559214981481
"151","5",1,0.27784234625
"152","5",2,0.268459469914894
"153","5",3,0.29354392712766
"154","5",4,0.273694139545455
"155","5",5,0.282544390892857
"156","5",6,0.278334325576923
"157","6",1,0.283658868070175
"158","6",2,0.268229355098039
"159","6",3,0.277045258145833
"160","6",4,0.276778487454545
"161","6",5,0.280346248596491
"162","6",6,0.248656520140351
"163","7",1,0.275592961754386
"164","7",2,0.248706923078431
"165","7",3,0.28030708
"166","7",4,0.284674637291667
"167","7",5,0.282723539433962
"168","7",6,0.250176694038462
"169","8",1,0.27468631
"170","8",2,0.258880152048781
"171","8",3,0.283484089210526
"172","8",4,0.267491472934783
"173","8",5,0.279620986111111
"174","8",6,0.261254282907407
"175","9",1,0.278502842115385
"176","9",2,0.262436475714286
"177","9",3,0.295923445
"178","9",4,0.24832674354
"179","9",5,0.282310057333333
"180","9",6,0.2591955368
"181","1",1,-0.0173838185273684
"182","1",2,-0.0239531492643396
"183","1",3,-0.00991850461020408
"184","1",4,-0.00130828765170213
"185","1",5,-0.0161375901037736
"186","1",6,-0.0405139534294
"187","10",1,-0.017022351190566
"188","10",2,-0.0143854920340426
"189","10",3,-0.0200050770710526
"190","10",4,-0.015042681852037
"191","10",5,-0.0155418603409091
"192","10",6,-0.024294484137931
"193","11",1,-0.0166475833623729
"194","11",2,-0.0303157822055556
"195","11",3,-0.0178097721219565
"196","11",4,-0.0149195616754717
"197","11",5,-0.0171990886595745
"198","11",6,-0.0176598052315789
"199","12",1,-0.015560927606
"200","12",2,-0.0263574903403846
"201","12",3,-0.018084266865793
"202","12",4,-0.0157892988523529
"203","12",5,-0.0169002543196721
"204","12",6,-0.0175203917146667
"205","13",1,-0.0185660651947368
"206","13",2,-0.0277392253910909
"207","13",3,-0.0143723839108511
"208","13",4,-0.00587732936326531
"209","13",5,-0.0167891993964912
"210","13",6,-0.020440454366129
"211","14",1,-0.0217785380966102
"212","14",2,-0.0204388180024074
"213","14",3,-0.0200141413657778
"214","14",4,-0.00870565463888888
"215","14",5,-0.01520781344
"216","14",6,-0.0113424652490196
"217","15",1,-0.0170809740090741
"218","15",2,-0.0287523860708333
"219","15",3,-0.00563047804309524
"220","15",4,-0.0117188472271186
"221","15",5,-0.0183516360396226
"222","15",6,-0.0166296542054167
"223","16",1,-0.0204286929452941
"224","16",2,-0.0143654945011765
"225","16",3,-0.0183898583787234
"226","16",4,-0.0102497939956522
"227","16",5,-0.0165999672935897
"228","16",6,-0.0166103510562857
"229","17",1,-0.0184875403339344
"230","17",2,-0.0228645614308333
"231","17",3,-0.0167359404347826
"232","17",4,-0.014156274084375
"233","17",5,-0.0174120064169231
"234","17",6,-0.0168462006729577
"235","18",1,-0.0178023631866071
"236","18",2,-0.0222060684378914
"237","18",3,-0.0168666920221818
"238","18",4,-0.0128691279736842
"239","18",5,-0.0166353518150685
"240","18",6,-0.0173937684615385
"241","19",1,-0.0191773587903846
"242","19",2,-0.0303986615775
"243","19",3,-0.0145942275069487
"244","19",4,-0.016739260030137
"245","19",5,-0.0154244056945206
"246","19",6,-0.0171426864421687
"247","2",1,-0.0185949199145763
"248","2",2,-0.0214121132045833
"249","2",3,-0.0226614158361702
"250","2",4,-0.0156879937282609
"251","2",5,-0.0184208270166667
"252","2",6,-0.0181587397583333
"253","20",1,-0.021199992245098
"254","20",2,-0.0282258047588235
"255","20",3,-0.00964120773155556
"256","20",4,-0.0147229305131818
"257","20",5,-0.0180695049161644
"258","20",6,-0.0144406281132353
"259","21",1,-0.0181610317526923
"260","21",2,-0.0237218695148936
"261","21",3,-0.0173195390157778
"262","21",4,-0.0144009705494118
"263","21",5,-0.0167084730205618
"264","21",6,-0.0184233048415556
"265","22",1,-0.0167213607957174
"266","22",2,-0.0268622561133333
"267","22",3,-0.0197999371686389
"268","22",4,-0.0123468446419355
"269","22",5,-0.0158563207496825
"270","22",6,-0.0142629864502778
"271","23",1,-0.0183618711932203
"272","23",2,-0.0323844029237255
"273","23",3,-0.0162111457238889
"274","23",4,-0.0133945015676471
"275","23",5,-0.0177475547867647
"276","23",6,-0.0216553835833333
"277","24",1,-0.0225446400534483
"278","24",2,-0.0251979434569492
"279","24",3,-0.0145730348310909
"280","24",4,-0.0131255097938235
"281","24",5,-0.0144785340348986
"282","24",6,-0.0173555210111111
"283","25",1,-0.0186477624716216
"284","25",2,-0.0269863524264615
"285","25",3,-0.0210170522987931
"286","25",4,-0.0147696808030769
"287","25",5,-0.0163569730274324
"288","25",6,-0.0188943663671233
"289","26",1,-0.0154259586949153
"290","26",2,-0.0281633797398182
"291","26",3,-0.01262580966778
"292","26",4,-0.00713364541358974
"293","26",5,-0.0166608306652703
"294","26",6,-0.0191895728026316
"295","27",1,-0.0166478783221912
"296","27",2,-0.0200953324078431
"297","27",3,-0.0135564467159091
"298","27",4,-0.0155269799285714
"299","27",5,-0.016593236445
"300","27",6,-0.0179867611216216
"301","28",1,-0.0156759722981482
"302","28",2,-0.0279443943478431
"303","28",3,-0.0220230465913044
"304","28",4,-0.0185404441258333
"305","28",5,-0.0172635124672152
"306","28",6,-0.0167537858225
"307","29",1,-0.0162915600588679
"308","29",2,-0.0299465312326531
"309","29",3,-0.01494121505625
"310","29",4,-0.016630680375
"311","29",5,-0.0172605869061538
"312","29",6,-0.0171965484202899
"313","3",1,-0.0171767844203448
"314","3",2,-0.0324109410555932
"315","3",3,-0.0193554079328571
"316","3",4,-0.00350299841730769
"317","3",5,-0.0143376555065574
"318","3",6,-0.0189556785048387
"319","30",1,-0.0175880385730769
"320","30",2,-0.0253311698786154
"321","30",3,-0.0174383900204839
"322","30",4,-0.0080473129532258
"323","30",5,-0.0170163887813559
"324","30",6,-0.0194494098614286
"325","4",1,-0.0148399475341667
"326","4",2,-0.0319804295729615
"327","4",3,-0.00980200850666667
"328","4",4,-0.007163065158
"329","4",5,-0.00948911098553571
"330","4",6,-0.0150031841055556
"331","5",1,-0.0172850317482679
"332","5",2,-0.0325269755153191
"333","5",3,-0.00850107533191489
"334","5",4,-0.00990083527045455
"335","5",5,-0.00700418554517857
"336","5",6,-0.0183042123269231
"337","6",1,-0.0168954189082456
"338","6",2,-0.0272425385070588
"339","6",3,-0.019536840063125
"340","6",4,-0.0145911615290909
"341","6",5,-0.0181236327175439
"342","6",6,-0.0102529170561404
"343","7",1,-0.018653665345614
"344","7",2,-0.0275639005607843
"345","7",3,-0.0166332372978723
"346","7",4,-0.01461097580375
"347","7",5,-0.0145740341037736
"348","7",6,-0.0204411516884615
"349","8",1,-0.0186628865310417
"350","8",2,-0.0282415136341463
"351","8",3,-0.0211058674973684
"352","8",4,-0.00672550621304348
"353","8",5,-0.0148113067148148
"354","8",6,-0.0212281733881481
"355","9",1,-0.0180891971284423
"356","9",2,-0.0195101099975714
"357","9",3,-0.0203994269075476
"358","9",4,-0.02701677698
"359","9",5,-0.0200454954022222
"360","9",6,-0.020526821662
"361","1",1,-0.111148103547368
"362","1",2,-0.0973020020943396
"363","1",3,-0.107566190908163
"364","1",4,-0.104544182255319
"365","1",5,-0.110601817735849
"366","1",6,-0.11320355358
"367","10",1,-0.109057512132076
"368","10",2,-0.118180420834043
"369","10",3,-0.110848597247368
"370","10",4,-0.104253238796296
"371","10",5,-0.107964083931818
"372","10",6,-0.117168642362069
"373","11",1,-0.106096304033898
"374","11",2,-0.106797216481481
"375","11",3,-0.111070149978261
"376","11",4,-0.112840218339623
"377","11",5,-0.108686630425532
"378","11",6,-0.108786578070175
"379","12",1,-0.10316110632
"380","12",2,-0.107339730115385
"381","12",3,-0.10955593226087
"382","12",4,-0.106307228960784
"383","12",5,-0.105526999754098
"384","12",6,-0.108160125666667
"385","13",1,-0.111431456192982
"386","13",2,-0.125767265890909
"387","13",3,-0.101993941531915
"388","13",4,-0.0972465110836735
"389","13",5,-0.112124137754386
"390","13",6,-0.104331864532258
"391","14",1,-0.106756369135593
"392","14",2,-0.112279688983333
"393","14",3,-0.0928330165533333
"394","14",4,-0.100401490425926
"395","14",5,-0.103817701790667
"396","14",6,-0.0868333315509804
"397","15",1,-0.107621819518518
"398","15",2,-0.116952464895833
"399","15",3,-0.110526066428571
"400","15",4,-0.11366125320339
"401","15",5,-0.105910832679245
"402","15",6,-0.118530240291667
"403","16",1,-0.108804049803922
"404","16",2,-0.124074517745098
"405","16",3,-0.119873705148936
"406","16",4,-0.0891404038405797
"407","16",5,-0.103657729076923
"408","16",6,-0.107310493242857
"409","17",1,-0.109792122032787
"410","17",2,-0.121290442104167
"411","17",3,-0.0892432745173913
"412","17",4,-0.11362408509375
"413","17",5,-0.111432145565
"414","17",6,-0.107006279704225
"415","18",1,-0.104218315464286
"416","18",2,-0.112655891327586
"417","18",3,-0.1033908092
"418","18",4,-0.111904775824561
"419","18",5,-0.108453355945206
"420","18",6,-0.107698927907692
"421","19",1,-0.122736673192308
"422","19",2,-0.151054607725
"423","19",3,-0.133695240660974
"424","19",4,-0.10870765430137
"425","19",5,-0.10904190460274
"426","19",6,-0.10898146186747
"427","2",1,-0.105500357966102
"428","2",2,-0.152513899520833
"429","2",3,-0.116812942382979
"430","2",4,-0.109218272456522
"431","2",5,-0.105908536055556
"432","2",6,-0.107245610416667
"433","20",1,-0.113539477098039
"434","20",2,-0.121023947784314
"435","20",3,-0.104602925937778
"436","20",4,-0.108369634515151
"437","20",5,-0.100402759931507
"438","20",6,-0.104274322538235
"439","21",1,-0.104319332403846
"440","21",2,-0.125414265340426
"441","21",3,-0.09816866218
"442","21",4,-0.112057887741176
"443","21",5,-0.110417855808989
"444","21",6,-0.103253832233333
"445","22",1,-0.107112510934783
"446","22",2,-0.117550861738095
"447","22",3,-0.1074157796
"448","22",4,-0.105827369516129
"449","22",5,-0.104967423820635
"450","22",6,-0.110800924652778
"451","23",1,-0.113382994084746
"452","23",2,-0.126890616782353
"453","23",3,-0.0988123712574074
"454","23",4,-0.103808679294118
"455","23",5,-0.1105970177575
"456","23",6,-0.104256776291667
"457","24",1,-0.110595952913793
"458","24",2,-0.114248610966102
"459","24",3,-0.104818820272727
"460","24",4,-0.103041061426471
"461","24",5,-0.108222553855072
"462","24",6,-0.107236237236111
"463","25",1,-0.108737636297297
"464","25",2,-0.126210440292308
"465","25",3,-0.107192376965517
"466","25",4,-0.109160440476923
"467","25",5,-0.107352957594595
"468","25",6,-0.100428830260274
"469","26",1,-0.108927011474576
"470","26",2,-0.121943461236364
"471","26",3,-0.1064396194
"472","26",4,-0.0974448692333333
"473","26",5,-0.110237796416216
"474","26",6,-0.105002540289474
"475","27",1,-0.112822289263158
"476","27",2,-0.123530438196078
"477","27",3,-0.112837694688636
"478","27",4,-0.105521912588571
"479","27",5,-0.107835818025
"480","27",6,-0.107699732837838
"481","28",1,-0.103714705396296
"482","28",2,-0.121514025692157
"483","28",3,-0.10858897408913
"484","28",4,-0.111517939555556
"485","28",5,-0.106579385202532
"486","28",6,-0.1083448529625
"487","29",1,-0.106632427301887
"488","29",2,-0.118000587840816
"489","29",3,-0.0981339984895833
"490","29",4,-0.1104118192
"491","29",5,-0.108659067476923
"492","29",6,-0.109462068173913
"493","3",1,-0.112674859827586
"494","3",2,-0.110064863437288
"495","3",3,-0.116139842908163
"496","3",4,-0.0983579203269231
"497","3",5,-0.101621722633148
"498","3",6,-0.101300477506452
"499","30",1,-0.0986247068969231
"500","30",2,-0.124697493775385
"501","30",3,-0.099978142232258
"502","30",4,-0.0995154461338709
"503","30",5,-0.108756209835593
"504","30",6,-0.1036581505
"505","4",1,-0.11140306485
"506","4",2,-0.114219455519231
"507","4",3,-0.1067775246
"508","4",4,-0.10587459588
"509","4",5,-0.0961574905535714
"510","4",6,-0.110688150314815
"511","5",1,-0.107741776464286
"512","5",2,-0.107471453914894
"513","5",3,-0.100319930659574
"514","5",4,-0.108540300265909
"515","5",5,-0.102171095696429
"516","5",6,-0.107937603673077
"517","6",1,-0.110303165877193
"518","6",2,-0.122082438784314
"519","6",3,-0.107209356208333
"520","6",4,-0.110127728709091
"521","6",5,-0.112172831947368
"522","6",6,-0.133119570368421
"523","7",1,-0.110912234947368
"524","7",2,-0.143769688803922
"525","7",3,-0.0969383085872341
"526","7",4,-0.122464597625
"527","7",5,-0.0997778303207547
"528","7",6,-0.101361036576923
"529","8",1,-0.107252090833333
"530","8",2,-0.11512211995122
"531","8",3,-0.107598135394737
"532","8",4,-0.104461049130435
"533","8",5,-0.106114996837037
"534","8",6,-0.102245365611111
"535","9",1,-0.110820512307692
"536","9",2,-0.125219003959184
"537","9",3,-0.0910278793952381
"538","9",4,-0.07537846886
"539","9",5,-0.0952747481333333
"540","9",6,-0.10754972144
"541","1",1,-0.283740258842105
"542","1",2,-0.35470802509434
"543","1",3,0.0300353383483878
"544","1",4,-0.977229008297872
"545","1",5,-0.995759901509434
"546","1",6,-0.9280564692
"547","10",1,-0.178709734396226
"548","10",2,-0.161591924234043
"549","10",3,0.295733547631579
"550","10",4,-0.982901825925926
"551","10",5,-0.978403481818182
"552","10",6,-0.968283685
"553","11",1,-0.422842071864407
"554","11",2,-0.238802959018518
"555","11",3,0.142456557034783
"556","11",4,-0.982796562075472
"557","11",5,-0.994978878723404
"558","11",6,-0.98477733
"559","12",1,-0.128898533096
"560","12",2,-0.290149192307692
"561","12",3,0.0424084916086956
"562","12",4,-0.982568781960784
"563","12",5,-0.981243992459016
"564","12",6,-0.95531868
"565","13",1,-0.346980394210526
"566","13",2,-0.296284597454545
"567","13",3,-0.0681563626617021
"568","13",4,-0.989546275306122
"569","13",5,-0.991020759298246
"570","13",6,-0.968891989354839
"571","14",1,-0.402639098135593
"572","14",2,-0.309396717592593
"573","14",3,0.0178313402266667
"574","14",4,-0.976302248148148
"575","14",5,-0.973268905
"576","14",6,-0.917501887333333
"577","15",1,-0.327961801111111
"578","15",2,-0.0260971840270833
"579","15",3,0.406471051190476
"580","15",4,-0.987084356101695
"581","15",5,-0.988949247358491
"582","15",6,-0.972255551527777
"583","16",1,-0.404692523921569
"584","16",2,-0.397083831568627
"585","16",3,0.207251997929787
"586","16",4,-0.986825605362319
"587","16",5,-0.989076811794872
"588","16",6,-0.973691429428571
"589","17",1,-0.31950017295082
"590","17",2,-0.062952754100625
"591","17",3,0.187719760269565
"592","17",4,-0.9944439053125
"593","17",5,-0.991163919871795
"594","17",6,-0.972960567323944
"595","18",1,-0.37600552125
"596","18",2,-0.380168286724138
"597","18",3,-0.302634565090909
"598","18",4,-0.994347988596491
"599","18",5,-0.992019762739726
"600","18",6,-0.984527649230769
"601","19",1,-0.0489049407963461
"602","19",2,-0.1287420952375
"603","19",3,0.62691707051282
"604","19",4,-0.976357663013698
"605","19",5,-0.989910996849315
"606","19",6,-0.965019579518072
"607","2",1,-0.423642838474576
"608","2",2,-0.304376406458333
"609","2",3,0.0463666814446809
"610","2",4,-0.986822279565217
"611","2",5,-0.987271889259259
"612","2",6,-0.974059464791667
"613","20",1,-0.208342792019608
"614","20",2,-0.116088676011765
"615","20",3,0.0745098785288889
"616","20",4,-0.983081858939394
"617","20",5,-0.967209961232877
"618","20",6,-0.962249114705882
"619","21",1,-0.297814843538462
"620","21",2,-0.240808282276596
"621","21",3,0.224343492244444
"622","21",4,-0.991777287176471
"623","21",5,-0.981419961123596
"624","21",6,-0.955019866222222
"625","22",1,-0.00865921919565217
"626","22",2,0.0835738640921429
"627","22",3,0.348618168333333
"628","22",4,-0.978466823709678
"629","22",5,-0.985000527142857
"630","22",6,-0.947735251944444
"631","23",1,-0.313521773389831
"632","23",2,-0.243887818513726
"633","23",3,0.0441392843425926
"634","23",4,-0.987607636617647
"635","23",5,-0.985421519558823
"636","23",6,-0.956756363194444
"637","24",1,-0.47076236637931
"638","24",2,-0.344399351355932
"639","24",3,-0.08273248054
"640","24",4,-0.990593766617647
"641","24",5,-0.98725587115942
"642","24",6,-0.967984021111111
"643","25",1,-0.596007443513514
"644","25",2,-0.459775646153846
"645","25",3,-0.253756934258621
"646","25",4,-0.991892828615385
"647","25",5,-0.991970126756757
"648","25",6,-0.909116474109589
"649","26",1,-0.340185527559322
"650","26",2,-0.169006952418182
"651","26",3,0.17395384962
"652","26",4,-0.979768987948718
"653","26",5,-0.993069368783784
"654","26",6,-0.969445445263158
"655","27",1,-0.348475560526316
"656","27",2,-0.295439547254902
"657","27",3,0.167407531090909
"658","27",4,-0.988580107714286
"659","27",5,-0.991951583499999
"660","27",6,-0.978455153108108
"661","28",1,-0.293003522222222
"662","28",2,-0.242062430294118
"663","28",3,0.125712887943478
"664","28",4,-0.983272806805556
"665","28",5,-0.977748638607595
"666","28",6,-0.9688882955
"667","29",1,-0.174337940226415
"668","29",2,-0.0867715569693878
"669","29",3,0.167383602458333
"670","29",4,-0.9907450195
"671","29",5,-0.996068635384615
"672","29",6,-0.984219555507246
"673","3",1,-0.360356726034483
"674","3",2,-0.313123437627119
"675","3",3,-0.0574100475102041
"676","3",4,-0.971010120961538
"677","3",5,-0.96674254295082
"678","3",6,-0.982776639193548
"679","30",1,-0.346394275230769
"680","30",2,-0.350504475230769
"681","30",3,-0.0577703163548387
"682","30",4,-0.983622744193548
"683","30",5,-0.977559426949152
"684","30",6,-0.976362515428571
"685","4",1,-0.440829971333334
"686","4",2,-0.204933042903846
"687","4",3,0.0111935496222222
"688","4",4,-0.980309931
"689","4",5,-0.97692058
"690","4",6,-0.954193738888889
"691","5",1,-0.294098534232143
"692","5",2,-0.0457237779851064
"693","5",3,0.275046110468085
"694","5",4,-0.980945022045455
"695","5",5,-0.968591815714285
"696","5",6,-0.965934509615385
"697","6",1,-0.296538717368421
"698","6",2,-0.0501350188513725
"699","6",3,0.383681639791667
"700","6",4,-0.980164933636364
"701","6",5,-0.981758159649123
"702","6",6,-0.934049422052632
"703","7",1,-0.327243240701754
"704","7",2,-0.29487297445098
"705","7",3,0.0660815600978723
"706","7",4,-0.972668374583333
"707","7",5,-0.979307570377358
"708","7",6,-0.93651361
"709","8",1,-0.173605736002083
"710","8",2,-0.171712174634146
"711","8",3,0.0241393473736842
"712","8",4,-0.979026152391305
"713","8",5,-0.988815418148148
"714","8",6,-0.94304121537037
"715","9",1,-0.238353562692308
"716","9",2,-0.361444377551021
"717","9",3,0.213392270547619
"718","9",4,-0.9572277914
"719","9",5,-0.975741252444445
"720","9",6,-0.94233309
"721","1",1,0.114461336747368
"722","1",2,-0.00232026501698114
"723","1",3,-0.0319359434489796
"724","1",4,-0.922618641914893
"725","1",5,-0.973190056415094
"726","1",6,-0.83682740562
"727","10",1,-0.0227431651698113
"728","10",2,-0.00555287692765956
"729","10",3,0.00407915363157894
"730","10",4,-0.917979529962963
"731","10",5,-0.919561843409091
"732","10",6,-0.946454302068966
"733","11",1,-0.0522120750440678
"734","11",2,-0.103167501868519
"735","11",3,0.0708122725543478
"736","11",4,-0.921402118113208
"737","11",5,-0.964173331702128
"738","11",6,-0.972196873859649
"739","12",1,-0.122783290008
"740","12",2,-0.103818259823077
"741","12",3,0.11083534373913
"742","12",4,-0.92858124
"743","12",5,-0.923140254098361
"744","12",6,-0.949072009333333
"745","13",1,0.141866689392982
"746","13",2,0.104470773801818
"747","13",3,-0.03212524665
"748","13",4,-0.938967741632653
"749","13",5,-0.949422439473684
"750","13",6,-0.950947949516129
"751","14",1,-0.0536126686650847
"752","14",2,0.307195533
"753","14",3,0.378870491755556
"754","14",4,-0.914935703907407
"755","14",5,-0.928525725333333
"756","14",6,-0.909697040980392
"757","15",1,0.138912923691296
"758","15",2,-0.00406536043541667
"759","15",3,0.186532377428571
"760","15",4,-0.922407162881356
"761","15",5,-0.931900148301887
"762","15",6,-0.962759422361111
"763","16",1,-0.314569762352941
"764","16",2,-0.163732745078431
"765","16",3,-0.146993837655319
"766","16",4,-0.951607872463768
"767","16",5,-0.960298267692308
"768","16",6,-0.943061150285714
"769","17",1,-0.0175797885542623
"770","17",2,-0.0131721014395834
"771","17",3,-0.0607892037384783
"772","17",4,-0.96185862984375
"773","17",5,-0.968176663717949
"774","17",6,-0.944792875211267
"775","18",1,-0.227005874892857
"776","18",2,-0.211155120224138
"777","18",3,-0.254214045818182
"778","18",4,-0.974928131052632
"779","18",5,-0.95422343630137
"780","18",6,-0.986160920923077
"781","19",1,0.181801561185577
"782","19",2,0.176349922525
"783","19",3,0.514816445641026
"784","19",4,-0.950388943972603
"785","19",5,-0.944430270684931
"786","19",6,-0.973449968554217
"787","2",1,-0.0780912533118644
"788","2",2,0.108027279889583
"789","2",3,0.262881788951064
"790","2",4,-0.950704499130435
"791","2",5,-0.957304989259259
"792","2",6,-0.98027739875
"793","20",1,0.489771808627451
"794","20",2,0.15219632835098
"795","20",3,0.616937015333333
"796","20",4,-0.93612270469697
"797","20",5,-0.87541041109589
"798","20",6,-0.964098180294117
"799","21",1,0.0540880509209615
"800","21",2,0.109787469104255
"801","21",3,0.301336399711111
"802","21",4,-0.966877560941176
"803","21",5,-0.943601625393259
"804","21",6,-0.956959422222222
"805","22",1,0.100384246321739
"806","22",2,0.250067523738095
"807","22",3,0.239812250944444
"808","22",4,-0.928059133795645
"809","22",5,-0.922693288412698
"810","22",6,-0.913276301666667
"811","23",1,-0.119020586510678
"812","23",2,0.0448435785868627
"813","23",3,0.10825903416963
"814","23",4,-0.934933559264706
"815","23",5,-0.9584444925
"816","23",6,-0.976309827361111
"817","24",1,-0.154127498163793
"818","24",2,-0.116804488966102
"819","24",3,-0.102607326783636
"820","24",4,-0.956255962058824
"821","24",5,-0.936871974347826
"822","24",6,-0.983126461944444
"823","25",1,-0.161852411581081
"824","25",2,-0.223086808769231
"825","25",3,-0.14054060387069
"826","25",4,-0.947457617061539
"827","25",5,-0.954569225945946
"828","25",6,-0.691770680561644
"829","26",1,-0.136351391645763
"830","26",2,-0.0491726302763636
"831","26",3,-0.011629910112
"832","26",4,-0.94079896551282
"833","26",5,-0.949466155405406
"834","26",6,-0.983231351842105
"835","27",1,-0.187301214964912
"836","27",2,-0.0950104077
"837","27",3,-0.0979710029522727
"838","27",4,-0.971579125714286
"839","27",5,-0.955171419
"840","27",6,-0.983736043783783
"841","28",1,-0.117886186425926
"842","28",2,-0.146753877035294
"843","28",3,0.156496646504348
"844","28",4,-0.939905244861111
"845","28",5,-0.875689216835443
"846","28",6,-0.945386780375
"847","29",1,-0.0917540612869811
"848","29",2,-0.122128287642857
"849","29",3,-0.12246346700625
"850","29",4,-0.963222497833333
"851","29",5,-0.969295721076923
"852","29",6,-0.990240946666667
"853","3",1,-0.0699140652103448
"854","3",2,0.0116280813372881
"855","3",3,-0.0331503723387755
"856","3",4,-0.856617812115384
"857","3",5,-0.893449307213115
"858","3",6,-0.962057544516129
"859","30",1,-0.173550021692308
"860","30",2,-0.127311157607692
"861","30",3,-0.0272628077709677
"862","30",4,-0.937857000806452
"863","30",5,-0.891654527118644
"864","30",6,-0.954201823857142
"865","4",1,-0.0788267367683334
"866","4",2,-0.0666899105180769
"867","4",3,-0.21859832499
"868","4",4,-0.89022398108
"869","4",5,-0.86159737875
"870","4",6,-0.941714042407408
"871","5",1,0.0767484028053571
"872","5",2,0.185022459476596
"873","5",3,0.0907630761042553
"874","5",4,-0.904335121022727
"875","5",5,-0.869439913392857
"876","5",6,-0.969295613269231
"877","6",1,0.164213884996491
"878","6",2,0.189276117327451
"879","6",3,0.360164958768542
"880","6",4,-0.923682131090909
"881","6",5,-0.921493191754386
"882","6",6,-0.924644826385965
"883","7",1,-0.0772618561052632
"884","7",2,-0.32616002254902
"885","7",3,-0.138179072734043
"886","7",4,-0.909454698541667
"887","7",5,-0.923400921886792
"888","7",6,-0.926262668653846
"889","8",1,0.380782052708333
"890","8",2,0.348768733170732
"891","8",3,0.343826273105263
"892","8",4,-0.927331997021739
"893","8",5,-0.938479429074074
"894","8",6,-0.93489116
"895","9",1,-0.201696960826923
"896","9",2,-0.302206203816326
"897","9",3,-0.208310705504762
"898","9",4,-0.875141405
"899","9",5,-0.938635759333333
"900","9",6,-0.9162927764
"901","1",1,-0.260027902210526
"902","1",2,-0.0194792388471698
"903","1",3,-0.230434213204082
"904","1",4,-0.93958629106383
"905","1",5,-0.979775876981132
"906","1",6,-0.826061401628
"907","10",1,-0.395645072075472
"908","10",2,-0.0738744931340426
"909","10",3,-0.183557562032895
"910","10",4,-0.967826981666667
"911","10",5,-0.941271440454545
"912","10",6,-0.95947148637931
"913","11",1,-0.530626311355932
"914","11",2,-0.203369399185185
"915","11",3,-0.324026938043478
"916","11",4,-0.968370181886792
"917","11",5,-0.986382712765957
"918","11",6,-0.971311176842105
"919","12",1,-0.4106060626
"920","12",2,-0.436697425576923
"921","12",3,-0.425017413478261
"922","12",4,-0.939661889019608
"923","12",5,-0.920684800114754
"924","12",6,-0.9483338435
"925","13",1,-0.220503537026316
"926","13",2,-0.217210568085454
"927","13",3,-0.158333146191489
"928","13",4,-0.938641215510204
"929","13",5,-0.967538031754386
"930","13",6,-0.950392995483871
"931","14",1,0.0518841040022034
"932","14",2,0.609017879074074
"933","14",3,0.451576075111111
"934","14",4,-0.922774835740741
"935","14",5,-0.9222763115
"936","14",6,-0.900331921686274
"937","15",1,-0.518932634814815
"938","15",2,-0.379717488104167
"939","15",3,-0.281982181666667
"940","15",4,-0.949338025084746
"941","15",5,-0.951670257924528
"942","15",6,-0.929586835277778
"943","16",1,-0.159799790235294
"944","16",2,-0.129283825721569
"945","16",3,0.0114353944787234
"946","16",4,-0.939672247101449
"947","16",5,-0.953468961666667
"948","16",6,-0.965490276285715
"949","17",1,-0.265824489180328
"950","17",2,-0.230220954239583
"951","17",3,-0.231064156615217
"952","17",4,-0.96572919578125
"953","17",5,-0.970462679230769
"954","17",6,-0.953476700140845
"955","18",1,-0.428348061071429
"956","18",2,-0.31437339137931
"957","18",3,-0.418610127454546
"958","18",4,-0.977572717017544
"959","18",5,-0.961873909178082
"960","18",6,-0.987658662307692
"961","19",1,-0.13947794235
"962","19",2,-0.1904685504575
"963","19",3,0.049322451025641
"964","19",4,-0.951929615068493
"965","19",5,-0.952599653972603
"966","19",6,-0.984672837228915
"967","2",1,-0.425257524915254
"968","2",2,-0.112121021220833
"969","2",3,-0.10283790806383
"970","2",4,-0.95982817173913
"971","2",5,-0.949741851296296
"972","2",6,-0.984233296875
"973","20",1,-0.228734217372549
"974","20",2,-0.229249455098039
"975","20",3,-0.160938536488889
"976","20",4,-0.929106396818182
"977","20",5,-0.913142481643836
"978","20",6,-0.972571998382353
"979","21",1,-0.16868872575
"980","21",2,-0.219707928574468
"981","21",3,-0.0717893558666667
"982","21",4,-0.959567861764706
"983","21",5,-0.946123407078652
"984","21",6,-0.945653787777778
"985","22",1,-0.213351968804348
"986","22",2,-0.109613216345238
"987","22",3,-0.325722718055556
"988","22",4,-0.917564853870968
"989","22",5,-0.942201655238095
"990","22",6,-0.942945807916667
"991","23",1,0.164220685383051
"992","23",2,0.10080118935098
"993","23",3,0.229898742944444
"994","23",4,-0.905584390323529
"995","23",5,-0.929409745147059
"996","23",6,-0.973223495416667
"997","24",1,-0.288840016206897
"998","24",2,-0.255601012881356
"999","24",3,-0.205566380745455
"1000","24",4,-0.957056111470588
"1001","24",5,-0.930283530144928
"1002","24",6,-0.973566958888889
"1003","25",1,-0.437133403243243
"1004","25",2,-0.296523975076923
"1005","25",3,-0.457972381896552
"1006","25",4,-0.965139552153847
"1007","25",5,-0.964642688108108
"1008","25",6,-0.717262004013699
"1009","26",1,-0.333486502542373
"1010","26",2,-0.404596936545455
"1011","26",3,-0.284807676
"1012","26",4,-0.950004414102563
"1013","26",5,-0.962988401351351
"1014","26",6,-0.984500013157895
"1015","27",1,-0.297318273508772
"1016","27",2,-0.23070787672549
"1017","27",3,-0.240040783340909
"1018","27",4,-0.965858735142857
"1019","27",5,-0.962408444875
"1020","27",6,-0.986636996081081
"1021","28",1,-0.300928395925926
"1022","28",2,-0.28598691372549
"1023","28",3,-0.341031811521739
"1024","28",4,-0.936667245694444
"1025","28",5,-0.905123824177215
"1026","28",6,-0.956450342875001
"1027","29",1,-0.242828038264151
"1028","29",2,0.0995443502346939
"1029","29",3,-0.223177999879167
"1030","29",4,-0.968063878166667
"1031","29",5,-0.980207488923077
"1032","29",6,-0.987255149855072
"1033","3",1,-0.387411994310345
"1034","3",2,-0.369754604067797
"1035","3",3,-0.362240245489796
"1036","3",4,-0.875110175384615
"1037","3",5,-0.911419015081967
"1038","3",6,-0.96369103483871
"1039","30",1,-0.120476783907692
"1040","30",2,0.0249468034966154
"1041","30",3,-0.217275690290323
"1042","30",4,-0.950654041290323
"1043","30",5,-0.912850596949153
"1044","30",6,-0.967044236428572
"1045","4",1,-0.586252806833333
"1046","4",2,-0.372137777692308
"1047","4",3,-0.479185977111111
"1048","4",4,-0.9322030066
"1049","4",5,-0.896880538392857
"1050","4",6,-0.962667314814815
"1051","5",1,-0.45702143625
"1052","5",2,-0.308938978787234
"1053","5",3,-0.325891435319149
"1054","5",4,-0.926094740227273
"1055","5",5,-0.869327321785715
"1056","5",6,-0.968562516346154
"1057","6",1,-0.504324207192982
"1058","6",2,-0.353519514896078
"1059","6",3,-0.320204232520417
"1060","6",4,-0.925797097090909
"1061","6",5,-0.925692371929825
"1062","6",6,-0.925216100350877
"1063","7",1,0.159631283261403
"1064","7",2,-0.145665025639216
"1065","7",3,-0.0636402447755319
"1066","7",4,-0.8565329414375
"1067","7",5,-0.917064168490566
"1068","7",6,-0.952978365961538
"1069","8",1,-0.1420885318125
"1070","8",2,0.121187278790244
"1071","8",3,0.1337170395
"1072","8",4,-0.939553030217391
"1073","8",5,-0.926065255185185
"1074","8",6,-0.932491454407407
"1075","9",1,-0.0579636469030769
"1076","9",2,-0.253434083542857
"1077","9",3,-0.00771530035714284
"1078","9",4,-0.83200187268
"1079","9",5,-0.919295805777778
"1080","9",6,-0.9407072854
"1081","1",1,-0.340699021263158
"1082","1",2,-0.402832782264151
"1083","1",3,-0.0441172244571429
"1084","1",4,-0.979514584468085
"1085","1",5,-0.996141353962264
"1086","1",6,-0.9321111728
"1087","10",1,-0.24733005790566
"1088","10",2,-0.215119113212766
"1089","10",3,0.238117344078947
"1090","10",4,-0.984285968148148
"1091","10",5,-0.984416503181818
"1092","10",6,-0.971360300862069
"1093","11",1,-0.456440630677966
"1094","11",2,-0.293610542592593
"1095","11",3,0.0979637965434783
"1096","11",4,-0.985517825283019
"1097","11",5,-0.995974194255319
"1098","11",6,-0.986755605438596
"1099","12",1,-0.17486906168
"1100","12",2,-0.342332983846154
"1101","12",3,-0.0420531993521739
"1102","12",4,-0.984983238039216
"1103","12",5,-0.984312951803278
"1104","12",6,-0.958692528166667
"1105","13",1,-0.392011497017544
"1106","13",2,-0.341001436363636
"1107","13",3,-0.128835214695745
"1108","13",4,-0.990432735306122
"1109","13",5,-0.992575981403509
"1110","13",6,-0.971568146129032
"1111","14",1,-0.441842798983051
"1112","14",2,-0.359354792222222
"1113","14",3,-0.102847907591111
"1114","14",4,-0.978986842962963
"1115","14",5,-0.9759092045
"1116","14",6,-0.922298837568627
"1117","15",1,-0.377019482037037
"1118","15",2,-0.113883988525
"1119","15",3,0.345737933
"1120","15",4,-0.988471943220339
"1121","15",5,-0.99082311
"1122","15",6,-0.974821673611111
"1123","16",1,-0.405211902352941
"1124","16",2,-0.43910719254902
"1125","16",3,0.165410171695745
"1126","16",4,-0.988132249565218
"1127","16",5,-0.99008527448718
"1128","16",6,-0.974437036714286
"1129","17",1,-0.342768814098361
"1130","17",2,-0.130291411958333
"1131","17",3,0.138969904934783
"1132","17",4,-0.995133846875
"1133","17",5,-0.992110255769231
"1134","17",6,-0.97524074
"1135","18",1,-0.415875518571428
"1136","18",2,-0.435476656724138
"1137","18",3,-0.374975798181818
"1138","18",4,-0.994992112982456
"1139","18",5,-0.993370464931507
"1140","18",6,-0.985619913846154
"1141","19",1,-0.127745852411538
"1142","19",2,-0.17337248875
"1143","19",3,0.609176793076923
"1144","19",4,-0.97845530109589
"1145","19",5,-0.991526907808219
"1146","19",6,-0.966065250481927
"1147","2",1,-0.460983072033898
"1148","2",2,-0.361106808541667
"1149","2",3,-0.0627127618723404
"1150","2",4,-0.988594493695652
"1151","2",5,-0.98934137
"1152","2",6,-0.976606966458334
"1153","20",1,-0.250771439607843
"1154","20",2,-0.178589542460784
"1155","20",3,0.0139235064755556
"1156","20",4,-0.985315305606061
"1157","20",5,-0.973838176986301
"1158","20",6,-0.964414126323529
"1159","21",1,-0.338632558846154
"1160","21",2,-0.276149727659574
"1161","21",3,0.170226678111111
"1162","21",4,-0.992863747176471
"1163","21",5,-0.984150955168539
"1164","21",6,-0.956999151
"1165","22",1,-0.0129769320782609
"1166","22",2,0.0631761514142857
"1167","22",3,0.326022480277778
"1168","22",4,-0.980761373225806
"1169","22",5,-0.989369236190476
"1170","22",6,-0.951892509166667
"1171","23",1,-0.342370053898305
"1172","23",2,-0.301247463039216
"1173","23",3,-0.0741286003407407
"1174","23",4,-0.989667315882353
"1175","23",5,-0.987343816029412
"1176","23",6,-0.958334581527778
"1177","24",1,-0.481853967586207
"1178","24",2,-0.411222294237288
"1179","24",3,-0.140882025818182
"1180","24",4,-0.9914497175
"1181","24",5,-0.98996068942029
"1182","24",6,-0.9690830625
"1183","25",1,-0.620725755810811
"1184","25",2,-0.519025117384615
"1185","25",3,-0.289297628741379
"1186","25",4,-0.992851985538461
"1187","25",5,-0.993321663513513
"1188","25",6,-0.912033638767123
"1189","26",1,-0.379704164576271
"1190","26",2,-0.286504815272727
"1191","26",3,0.113849630394
"1192","26",4,-0.980637294358975
"1193","26",5,-0.994252067432432
"1194","26",6,-0.971671041052632
"1195","27",1,-0.391626946491228
"1196","27",2,-0.330892221176471
"1197","27",3,0.102037051897727
"1198","27",4,-0.989473105142857
"1199","27",5,-0.993124871375
"1200","27",6,-0.980230422837838
"1201","28",1,-0.321961297777778
"1202","28",2,-0.304613635294118
"1203","28",3,0.0671367974165217
"1204","28",4,-0.985735174444444
"1205","28",5,-0.981544084683544
"1206","28",6,-0.970851736125
"1207","29",1,-0.203964497207547
"1208","29",2,-0.184543945081633
"1209","29",3,0.0958931996666667
"1210","29",4,-0.991674120833333
"1211","29",5,-0.996686352
"1212","29",6,-0.984721328550725
"1213","3",1,-0.409075189482759
"1214","3",2,-0.359018922542373
"1215","3",3,-0.140460458469388
"1216","3",4,-0.974103206346154
"1217","3",5,-0.973805270819672
"1218","3",6,-0.985280124193548
"1219","30",1,-0.405872933538462
"1220","30",2,-0.421237962615385
"1221","30",3,-0.131593679390484
"1222","30",4,-0.984772108387097
"1223","30",5,-0.985069195084746
"1224","30",6,-0.980089753428571
"1225","4",1,-0.463240806833333
"1226","4",2,-0.308203036923077
"1227","4",3,-0.0417198960022222
"1228","4",4,-0.9826360798
"1229","4",5,-0.979461749464285
"1230","4",6,-0.957949598333334
"1231","5",1,-0.324211424758929
"1232","5",2,-0.116970666051064
"1233","5",3,0.202512920080851
"1234","5",4,-0.983796381363636
"1235","5",5,-0.974083131071428
"1236","5",6,-0.969061900384615
"1237","6",1,-0.364913547017544
"1238","6",2,-0.116208269846274
"1239","6",3,0.311584377708333
"1240","6",4,-0.984156729636364
"1241","6",5,-0.985293206315789
"1242","6",6,-0.938200964421052
"1243","7",1,-0.338138098070175
"1244","7",2,-0.337431570196078
"1245","7",3,-0.030378984706383
"1246","7",4,-0.975661489375
"1247","7",5,-0.982582661698113
"1248","7",6,-0.938656584230769
"1249","8",1,-0.20725909954375
"1250","8",2,-0.216100764902439
"1251","8",3,-0.0663849588421052
"1252","8",4,-0.980517261304348
"1253","8",5,-0.990252236851852
"1254","8",6,-0.945418939814815
"1255","9",1,-0.274019834615385
"1256","9",2,-0.402154409387755
"1257","9",3,0.118335010390476
"1258","9",4,-0.9616477008
"1259","9",5,-0.980558838
"1260","9",6,-0.94676803
"1261","1",1,0.061811080288421
"1262","1",2,0.00767689909056604
"1263","1",3,-0.107395631427551
"1264","1",4,-0.919658954042553
"1265","1",5,-0.971758757169811
"1266","1",6,-0.84091058864
"1267","10",1,-0.0833112748886792
"1268","10",2,-0.0166283664148936
"1269","10",3,-0.0266684508105263
"1270","10",4,-0.916248878703704
"1271","10",5,-0.925313610909091
"1272","10",6,-0.947498060982759
"1273","11",1,-0.0459708287983051
"1274","11",2,-0.101750738833333
"1275","11",3,0.0110374284543478
"1276","11",4,-0.922185628113208
"1277","11",5,-0.964230933617021
"1278","11",6,-0.974316431578947
"1279","12",1,-0.15772455196
"1280","12",2,-0.147699840853846
"1281","12",3,0.0415079134565218
"1282","12",4,-0.928279664313725
"1283","12",5,-0.92508765147541
"1284","12",6,-0.952123606166667
"1285","13",1,0.112369922905263
"1286","13",2,0.0926616680272727
"1287","13",3,-0.0808814898638297
"1288","13",4,-0.934768537979592
"1289","13",5,-0.95051883
"1290","13",6,-0.950125182258065
"1291","14",1,-0.0635288383677966
"1292","14",2,0.287753127203704
"1293","14",3,0.224977239515556
"1294","14",4,-0.917555078222222
"1295","14",5,-0.930300885833333
"1296","14",6,-0.910003690980392
"1297","15",1,0.121720092940741
"1298","15",2,0.0227015130479167
"1299","15",3,0.0600855850547619
"1300","15",4,-0.92231288220339
"1301","15",5,-0.932699485094339
"1302","15",6,-0.966085775416667
"1303","16",1,-0.349799363529412
"1304","16",2,-0.192195919196078
"1305","16",3,-0.164172918893617
"1306","16",4,-0.952671636086956
"1307","16",5,-0.960426701025641
"1308","16",6,-0.941570618285714
"1309","17",1,-0.0397774303245902
"1310","17",2,-0.0414521791770833
"1311","17",3,-0.0696030155695652
"1312","17",4,-0.96022042390625
"1313","17",5,-0.967273662948718
"1314","17",6,-0.943799481690141
"1315","18",1,-0.214911509714286
"1316","18",2,-0.221353708655172
"1317","18",3,-0.283249171636364
"1318","18",4,-0.974514839824562
"1319","18",5,-0.953953924931507
"1320","18",6,-0.986056020307692
"1321","19",1,0.194109823788462
"1322","19",2,0.17877255315
"1323","19",3,0.489372854615385
"1324","19",4,-0.95099425260274
"1325","19",5,-0.944558902054794
"1326","19",6,-0.974942059518073
"1327","2",1,-0.120172928300508
"1328","2",2,0.113198669327083
"1329","2",3,0.206997256429787
"1330","2",4,-0.951537807173913
"1331","2",5,-0.957543717037037
"1332","2",6,-0.980963747291666
"1333","20",1,0.477559304117647
"1334","20",2,0.191699067494118
"1335","20",3,0.516136567333333
"1336","20",4,-0.938244421363637
"1337","20",5,-0.88007385
"1338","20",6,-0.964690726323529
"1339","21",1,0.0648170778527692
"1340","21",2,0.0611228297346809
"1341","21",3,0.274613065266667
"1342","21",4,-0.968122008
"1343","21",5,-0.944931071460674
"1344","21",6,-0.959182927111111
"1345","22",1,-0.0358518429434257
"1346","22",2,0.251072777071429
"1347","22",3,0.211920980875
"1348","22",4,-0.930377778419355
"1349","22",5,-0.930511270952381
"1350","22",6,-0.918505682777777
"1351","23",1,-0.253460782932203
"1352","23",2,-0.0067921079745098
"1353","23",3,0.0900491215833333
"1354","23",4,-0.934469750735294
"1355","23",5,-0.959554629852941
"1356","23",6,-0.975404082638889
"1357","24",1,-0.204010573586207
"1358","24",2,-0.14213295640678
"1359","24",3,-0.172678727581818
"1360","24",4,-0.95595887367647
"1361","24",5,-0.936926155652174
"1362","24",6,-0.983743215
"1363","25",1,-0.18252643672973
"1364","25",2,-0.242689727169231
"1365","25",3,-0.174194305586207
"1366","25",4,-0.946747638
"1367","25",5,-0.955761936351352
"1368","25",6,-0.674405731849315
"1369","26",1,-0.159350020544068
"1370","26",2,-0.0687945789472727
"1371","26",3,-0.083537776482
"1372","26",4,-0.938135229358974
"1373","26",5,-0.95025257527027
"1374","26",6,-0.983251945394737
"1375","27",1,-0.190116879333333
"1376","27",2,-0.101821500972549
"1377","27",3,-0.129626617993455
"1378","27",4,-0.971376815142858
"1379","27",5,-0.95702150625
"1380","27",6,-0.98442216027027
"1381","28",1,-0.131357037407407
"1382","28",2,-0.198858291201961
"1383","28",3,0.104435831113043
"1384","28",4,-0.940890646666666
"1385","28",5,-0.879612884936709
"1386","28",6,-0.944973935375
"1387","29",1,-0.136387112839623
"1388","29",2,-0.124825963869388
"1389","29",3,-0.2023069479375
"1390","29",4,-0.962723104333333
"1391","29",5,-0.969401385692308
"1392","29",6,-0.989903759710145
"1393","3",1,-0.0873748121241379
"1394","3",2,-0.00448434605593221
"1395","3",3,-0.0475267214836735
"1396","3",4,-0.855595640769231
"1397","3",5,-0.89651787442623
"1398","3",6,-0.965100051612903
"1399","30",1,-0.190116850969231
"1400","30",2,-0.137696237147692
"1401","30",3,-0.081675237016129
"1402","30",4,-0.936908130645161
"1403","30",5,-0.892809843728814
"1404","30",6,-0.957777099
"1405","4",1,-0.0882479108316667
"1406","4",2,-0.104576853559423
"1407","4",3,-0.272595863822222
"1408","4",4,-0.89089523612
"1409","4",5,-0.859936149341071
"1410","4",6,-0.945799266851852
"1411","5",1,0.02125245425
"1412","5",2,0.190486205121277
"1413","5",3,0.0133664994085106
"1414","5",4,-0.904638734318182
"1415","5",5,-0.871059738821429
"1416","5",6,-0.971518238653846
"1417","6",1,0.147044978903509
"1418","6",2,0.144944545490196
"1419","6",3,0.258880873520833
"1420","6",4,-0.928565311818182
"1421","6",5,-0.92387055
"1422","6",6,-0.930008477368421
"1423","7",1,-0.136694056370175
"1424","7",2,-0.343619950980392
"1425","7",3,-0.201005456914894
"1426","7",4,-0.909281616875
"1427","7",5,-0.924302111886792
"1428","7",6,-0.926829713269231
"1429","8",1,0.300305775416667
"1430","8",2,0.318980589487805
"1431","8",3,0.281074332105263
"1432","8",4,-0.923886269565218
"1433","8",5,-0.938316233148148
"1434","8",6,-0.932243176962963
"1435","9",1,-0.212359889865385
"1436","9",2,-0.295573615714286
"1437","9",3,-0.241144677030952
"1438","9",4,-0.87424253746
"1439","9",5,-0.940488955777778
"1440","9",6,-0.9185151018
